INSERT INTO usuarios (nickname, nombre, apellido, email) VALUES
('usuario_1', 'nombre_1', 'apellido_1', 'email_1@mail.com'),
('usuario_2', 'nombre_2', 'apellido_2', 'email_2@mail.com'),
('usuario_3', 'nombre_3', 'apellido_3', 'email_3@mail.com'),
('usuario_4', 'nombre_4', 'apellido_4', 'email_4@mail.com'),
('usuario_5', 'nombre_5', 'apellido_5', 'email_5@mail.com'),
('usuario_6', 'nombre_6', 'apellido_6', 'email_6@mail.com'),
('usuario_7', 'nombre_7', 'apellido_7', 'email_7@mail.com'),
('usuario_8', 'nombre_8', 'apellido_8', 'email_8@mail.com'),
('usuario_9', 'nombre_9', 'apellido_9', 'email_9@mail.com');

INSERT INTO artistas (nombre, nacionalidad, instrumento) VALUES
('artista_1', 'nacionalidad_1', 'instrumento_1'),
('artista_2', 'nacionalidad_2', null),
('artista_3', 'nacionalidad_3', 'instrumento_2'),
('artista_4', 'nacionalidad_1', null),
('artista_5', 'nacionalidad_2', 'instrumento_3'),
('artista_6', 'nacionalidad_3', null),
('artista_7', 'nacionalidad_1', 'instrumento_4'),
('artista_8', 'nacionalidad_2', null),
('artista_9', 'nacionalidad_3', null);

INSERT INTO generos (nombre) VALUES
('genero_1'),
('genero_2'),
('genero_3'),
('genero_4'),
('genero_5'),
('genero_6');

INSERT INTO discos (titulo, anio, nombreGenero, nombreArtista) VALUES
('titulo_1', 1960, 'genero_2', 'artista_3'),
('titulo_2', 1962, 'genero_2', 'artista_3'),
('titulo_3', 1968, 'genero_4', 'artista_5'),
('titulo_4', 1969, 'genero_5', 'artista_3'),
('titulo_5', 1960, 'genero_6', 'artista_7'),
('titulo_6', 1964, 'genero_1', 'artista_8'),
('titulo_7', 1964, 'genero_6', 'artista_4'),
('titulo_8', 2010, 'genero_3', 'artista_8'),
('titulo_9', 1967, 'genero_5', 'artista_7'),
('titulo_10', 1970, 'genero_1', 'artista_3'),
('titulo_11', 2011, 'genero_2', 'artista_3'),
('titulo_12', 1960, 'genero_1', 'artista_4'),
('titulo_13', 1988, 'genero_1', 'artista_7'),
('titulo_14', 2009, 'genero_3', 'artista_2'),
('titulo_15', 2014, 'genero_4', 'artista_1'),
('titulo_16', 2004, 'genero_4', 'artista_5'),
('titulo_17', 2018, 'genero_2', 'artista_4'),
('titulo_18', 1975, 'genero_5', 'artista_9'),
('titulo_19', 1976, 'genero_4', 'artista_9'),
('titulo_20', 2008, 'genero_1', 'artista_3'),
('titulo_21', 1970, 'genero_4', 'artista_9'),
('titulo_22', 1995, 'genero_2', 'artista_7'),
('titulo_23', 1962, 'genero_3', 'artista_2'),
('titulo_24', 1998, 'genero_1', 'artista_8'),
('titulo_25', 1969, 'genero_6', 'artista_2'),
('titulo_26', 1998, 'genero_3', 'artista_1'),
('titulo_27', 2001, 'genero_5', 'artista_7'),
('titulo_28', 1982, 'genero_4', 'artista_6'),
('titulo_29', 2018, 'genero_3', 'artista_4'),
('titulo_30', 2018, 'genero_4', 'artista_5'),
('titulo_31', 1960, 'genero_4', 'artista_4'),
('titulo_32', 1960, 'genero_6', 'artista_6'),
('titulo_33', 2016, 'genero_5', 'artista_6'),
('titulo_34', 1991, 'genero_4', 'artista_4'),
('titulo_35', 1977, 'genero_1', 'artista_2'),
('titulo_36', 2018, 'genero_6', 'artista_1'),
('titulo_37', 1990, 'genero_1', 'artista_4'),
('titulo_38', 1971, 'genero_6', 'artista_2'),
('titulo_39', 1974, 'genero_1', 'artista_3'),
('titulo_40', 2018, 'genero_2', 'artista_8'),
('titulo_41', 1975, 'genero_5', 'artista_8'),
('titulo_42', 1963, 'genero_6', 'artista_1'),
('titulo_43', 2009, 'genero_2', 'artista_2'),
('titulo_44', 2019, 'genero_4', 'artista_2'),
('titulo_45', 1997, 'genero_5', 'artista_8'),
('titulo_46', 2000, 'genero_5', 'artista_4'),
('titulo_47', 1995, 'genero_5', 'artista_4'),
('titulo_48', 2005, 'genero_2', 'artista_3'),
('titulo_49', 2012, 'genero_3', 'artista_9'),
('titulo_50', 2015, 'genero_2', 'artista_1');

INSERT INTO canciones (tituloDisco, nombre, duracion, enlace) VALUES
('titulo_1', 'cancion_1', '3:55', 'http://www.enlace1.com/'),
('titulo_1', 'cancion_2', '5:11', 'http://www.enlace2.com/'),
('titulo_1', 'cancion_3', '4:47', 'http://www.enlace3.com/'),
('titulo_1', 'cancion_4', '3:47', 'http://www.enlace4.com/'),
('titulo_1', 'cancion_5', '4:54', 'http://www.enlace5.com/'),
('titulo_1', 'cancion_6', '3:49', 'http://www.enlace6.com/'),
('titulo_1', 'cancion_7', '2:36', 'http://www.enlace7.com/'),
('titulo_1', 'cancion_8', '4:22', 'http://www.enlace8.com/'),
('titulo_1', 'cancion_9', '2:15', 'http://www.enlace9.com/'),
('titulo_1', 'cancion_10', '5:52', 'http://www.enlace10.com/'),
('titulo_1', 'cancion_11', '6:36', 'http://www.enlace11.com/'),
('titulo_1', 'cancion_12', '5:35', 'http://www.enlace12.com/'),
('titulo_2', 'cancion_1', '3:55', 'http://www.enlace13.com/'),
('titulo_2', 'cancion_2', '5:11', 'http://www.enlace14.com/'),
('titulo_2', 'cancion_3', '4:47', 'http://www.enlace15.com/'),
('titulo_2', 'cancion_4', '3:47', 'http://www.enlace16.com/'),
('titulo_2', 'cancion_5', '4:54', 'http://www.enlace17.com/'),
('titulo_2', 'cancion_6', '3:49', 'http://www.enlace18.com/'),
('titulo_2', 'cancion_7', '2:36', 'http://www.enlace19.com/'),
('titulo_2', 'cancion_8', '4:22', 'http://www.enlace20.com/'),
('titulo_2', 'cancion_9', '2:15', 'http://www.enlace21.com/'),
('titulo_2', 'cancion_10', '5:52', 'http://www.enlace22.com/'),
('titulo_2', 'cancion_11', '6:36', 'http://www.enlace23.com/'),
('titulo_2', 'cancion_12', '5:35', 'http://www.enlace24.com/'),
('titulo_3', 'cancion_1', '3:55', 'http://www.enlace25.com/'),
('titulo_3', 'cancion_2', '5:11', 'http://www.enlace26.com/'),
('titulo_3', 'cancion_3', '4:47', 'http://www.enlace27.com/'),
('titulo_3', 'cancion_4', '3:47', 'http://www.enlace28.com/'),
('titulo_3', 'cancion_5', '4:54', 'http://www.enlace29.com/'),
('titulo_3', 'cancion_6', '3:49', 'http://www.enlace30.com/'),
('titulo_3', 'cancion_7', '2:36', 'http://www.enlace31.com/'),
('titulo_3', 'cancion_8', '4:22', 'http://www.enlace32.com/'),
('titulo_3', 'cancion_9', '2:15', 'http://www.enlace33.com/'),
('titulo_3', 'cancion_10', '5:52', 'http://www.enlace34.com/'),
('titulo_3', 'cancion_11', '6:36', 'http://www.enlace35.com/'),
('titulo_3', 'cancion_12', '5:35', 'http://www.enlace36.com/'),
('titulo_4', 'cancion_1', '3:55', 'http://www.enlace37.com/'),
('titulo_4', 'cancion_2', '5:11', 'http://www.enlace38.com/'),
('titulo_4', 'cancion_3', '4:47', 'http://www.enlace39.com/'),
('titulo_4', 'cancion_4', '3:47', 'http://www.enlace40.com/'),
('titulo_4', 'cancion_5', '4:54', 'http://www.enlace41.com/'),
('titulo_4', 'cancion_6', '3:49', 'http://www.enlace42.com/'),
('titulo_4', 'cancion_7', '2:36', 'http://www.enlace43.com/'),
('titulo_4', 'cancion_8', '4:22', 'http://www.enlace44.com/'),
('titulo_4', 'cancion_9', '2:15', 'http://www.enlace45.com/'),
('titulo_4', 'cancion_10', '5:52', 'http://www.enlace46.com/'),
('titulo_4', 'cancion_11', '6:36', 'http://www.enlace47.com/'),
('titulo_4', 'cancion_12', '5:35', 'http://www.enlace48.com/'),
('titulo_5', 'cancion_1', '3:55', 'http://www.enlace49.com/'),
('titulo_5', 'cancion_2', '5:11', 'http://www.enlace50.com/'),
('titulo_5', 'cancion_3', '4:47', 'http://www.enlace51.com/'),
('titulo_5', 'cancion_4', '3:47', 'http://www.enlace52.com/'),
('titulo_5', 'cancion_5', '4:54', 'http://www.enlace53.com/'),
('titulo_5', 'cancion_6', '3:49', 'http://www.enlace54.com/'),
('titulo_5', 'cancion_7', '2:36', 'http://www.enlace55.com/'),
('titulo_5', 'cancion_8', '4:22', 'http://www.enlace56.com/'),
('titulo_5', 'cancion_9', '2:15', 'http://www.enlace57.com/'),
('titulo_5', 'cancion_10', '5:52', 'http://www.enlace58.com/'),
('titulo_5', 'cancion_11', '6:36', 'http://www.enlace59.com/'),
('titulo_5', 'cancion_12', '5:35', 'http://www.enlace60.com/'),
('titulo_6', 'cancion_1', '3:55', 'http://www.enlace61.com/'),
('titulo_6', 'cancion_2', '5:11', 'http://www.enlace62.com/'),
('titulo_6', 'cancion_3', '4:47', 'http://www.enlace63.com/'),
('titulo_6', 'cancion_4', '3:47', 'http://www.enlace64.com/'),
('titulo_6', 'cancion_5', '4:54', 'http://www.enlace65.com/'),
('titulo_6', 'cancion_6', '3:49', 'http://www.enlace66.com/'),
('titulo_6', 'cancion_7', '2:36', 'http://www.enlace67.com/'),
('titulo_6', 'cancion_8', '4:22', 'http://www.enlace68.com/'),
('titulo_6', 'cancion_9', '2:15', 'http://www.enlace69.com/'),
('titulo_6', 'cancion_10', '5:52', 'http://www.enlace70.com/'),
('titulo_6', 'cancion_11', '6:36', 'http://www.enlace71.com/'),
('titulo_6', 'cancion_12', '5:35', 'http://www.enlace72.com/'),
('titulo_7', 'cancion_1', '3:55', 'http://www.enlace73.com/'),
('titulo_7', 'cancion_2', '5:11', 'http://www.enlace74.com/'),
('titulo_7', 'cancion_3', '4:47', 'http://www.enlace75.com/'),
('titulo_7', 'cancion_4', '3:47', 'http://www.enlace76.com/'),
('titulo_7', 'cancion_5', '4:54', 'http://www.enlace77.com/'),
('titulo_7', 'cancion_6', '3:49', 'http://www.enlace78.com/'),
('titulo_7', 'cancion_7', '2:36', 'http://www.enlace79.com/'),
('titulo_7', 'cancion_8', '4:22', 'http://www.enlace80.com/'),
('titulo_7', 'cancion_9', '2:15', 'http://www.enlace81.com/'),
('titulo_7', 'cancion_10', '5:52', 'http://www.enlace82.com/'),
('titulo_7', 'cancion_11', '6:36', 'http://www.enlace83.com/'),
('titulo_7', 'cancion_12', '5:35', 'http://www.enlace84.com/'),
('titulo_8', 'cancion_1', '3:55', 'http://www.enlace85.com/'),
('titulo_8', 'cancion_2', '5:11', 'http://www.enlace86.com/'),
('titulo_8', 'cancion_3', '4:47', 'http://www.enlace87.com/'),
('titulo_8', 'cancion_4', '3:47', 'http://www.enlace88.com/'),
('titulo_8', 'cancion_5', '4:54', 'http://www.enlace89.com/'),
('titulo_8', 'cancion_6', '3:49', 'http://www.enlace90.com/'),
('titulo_8', 'cancion_7', '2:36', 'http://www.enlace91.com/'),
('titulo_8', 'cancion_8', '4:22', 'http://www.enlace92.com/'),
('titulo_8', 'cancion_9', '2:15', 'http://www.enlace93.com/'),
('titulo_8', 'cancion_10', '5:52', 'http://www.enlace94.com/'),
('titulo_8', 'cancion_11', '6:36', 'http://www.enlace95.com/'),
('titulo_8', 'cancion_12', '5:35', 'http://www.enlace96.com/'),
('titulo_9', 'cancion_1', '3:55', 'http://www.enlace97.com/'),
('titulo_9', 'cancion_2', '5:11', 'http://www.enlace98.com/'),
('titulo_9', 'cancion_3', '4:47', 'http://www.enlace99.com/'),
('titulo_9', 'cancion_4', '3:47', 'http://www.enlace100.com/'),
('titulo_9', 'cancion_5', '4:54', 'http://www.enlace101.com/'),
('titulo_9', 'cancion_6', '3:49', 'http://www.enlace102.com/'),
('titulo_9', 'cancion_7', '2:36', 'http://www.enlace103.com/'),
('titulo_9', 'cancion_8', '4:22', 'http://www.enlace104.com/'),
('titulo_9', 'cancion_9', '2:15', 'http://www.enlace105.com/'),
('titulo_9', 'cancion_10', '5:52', 'http://www.enlace106.com/'),
('titulo_9', 'cancion_11', '6:36', 'http://www.enlace107.com/'),
('titulo_9', 'cancion_12', '5:35', 'http://www.enlace108.com/'),
('titulo_10', 'cancion_1', '3:55', 'http://www.enlace109.com/'),
('titulo_10', 'cancion_2', '5:11', 'http://www.enlace110.com/'),
('titulo_10', 'cancion_3', '4:47', 'http://www.enlace111.com/'),
('titulo_10', 'cancion_4', '3:47', 'http://www.enlace112.com/'),
('titulo_10', 'cancion_5', '4:54', 'http://www.enlace113.com/'),
('titulo_10', 'cancion_6', '3:49', 'http://www.enlace114.com/'),
('titulo_10', 'cancion_7', '2:36', 'http://www.enlace115.com/'),
('titulo_10', 'cancion_8', '4:22', 'http://www.enlace116.com/'),
('titulo_10', 'cancion_9', '2:15', 'http://www.enlace117.com/'),
('titulo_10', 'cancion_10', '5:52', 'http://www.enlace118.com/'),
('titulo_10', 'cancion_11', '6:36', 'http://www.enlace119.com/'),
('titulo_10', 'cancion_12', '5:35', 'http://www.enlace120.com/'),
('titulo_11', 'cancion_1', '3:55', 'http://www.enlace121.com/'),
('titulo_11', 'cancion_2', '5:11', 'http://www.enlace122.com/'),
('titulo_11', 'cancion_3', '4:47', 'http://www.enlace123.com/'),
('titulo_11', 'cancion_4', '3:47', 'http://www.enlace124.com/'),
('titulo_11', 'cancion_5', '4:54', 'http://www.enlace125.com/'),
('titulo_11', 'cancion_6', '3:49', 'http://www.enlace126.com/'),
('titulo_11', 'cancion_7', '2:36', 'http://www.enlace127.com/'),
('titulo_11', 'cancion_8', '4:22', 'http://www.enlace128.com/'),
('titulo_11', 'cancion_9', '2:15', 'http://www.enlace129.com/'),
('titulo_11', 'cancion_10', '5:52', 'http://www.enlace130.com/'),
('titulo_11', 'cancion_11', '6:36', 'http://www.enlace131.com/'),
('titulo_11', 'cancion_12', '5:35', 'http://www.enlace132.com/'),
('titulo_12', 'cancion_1', '3:55', 'http://www.enlace133.com/'),
('titulo_12', 'cancion_2', '5:11', 'http://www.enlace134.com/'),
('titulo_12', 'cancion_3', '4:47', 'http://www.enlace135.com/'),
('titulo_12', 'cancion_4', '3:47', 'http://www.enlace136.com/'),
('titulo_12', 'cancion_5', '4:54', 'http://www.enlace137.com/'),
('titulo_12', 'cancion_6', '3:49', 'http://www.enlace138.com/'),
('titulo_12', 'cancion_7', '2:36', 'http://www.enlace139.com/'),
('titulo_12', 'cancion_8', '4:22', 'http://www.enlace140.com/'),
('titulo_12', 'cancion_9', '2:15', 'http://www.enlace141.com/'),
('titulo_12', 'cancion_10', '5:52', 'http://www.enlace142.com/'),
('titulo_12', 'cancion_11', '6:36', 'http://www.enlace143.com/'),
('titulo_12', 'cancion_12', '5:35', 'http://www.enlace144.com/'),
('titulo_13', 'cancion_1', '3:55', 'http://www.enlace145.com/'),
('titulo_13', 'cancion_2', '5:11', 'http://www.enlace146.com/'),
('titulo_13', 'cancion_3', '4:47', 'http://www.enlace147.com/'),
('titulo_13', 'cancion_4', '3:47', 'http://www.enlace148.com/'),
('titulo_13', 'cancion_5', '4:54', 'http://www.enlace149.com/'),
('titulo_13', 'cancion_6', '3:49', 'http://www.enlace150.com/'),
('titulo_13', 'cancion_7', '2:36', 'http://www.enlace151.com/'),
('titulo_13', 'cancion_8', '4:22', 'http://www.enlace152.com/'),
('titulo_13', 'cancion_9', '2:15', 'http://www.enlace153.com/'),
('titulo_13', 'cancion_10', '5:52', 'http://www.enlace154.com/'),
('titulo_13', 'cancion_11', '6:36', 'http://www.enlace155.com/'),
('titulo_13', 'cancion_12', '5:35', 'http://www.enlace156.com/'),
('titulo_14', 'cancion_1', '3:55', 'http://www.enlace157.com/'),
('titulo_14', 'cancion_2', '5:11', 'http://www.enlace158.com/'),
('titulo_14', 'cancion_3', '4:47', 'http://www.enlace159.com/'),
('titulo_14', 'cancion_4', '3:47', 'http://www.enlace160.com/'),
('titulo_14', 'cancion_5', '4:54', 'http://www.enlace161.com/'),
('titulo_14', 'cancion_6', '3:49', 'http://www.enlace162.com/'),
('titulo_14', 'cancion_7', '2:36', 'http://www.enlace163.com/'),
('titulo_14', 'cancion_8', '4:22', 'http://www.enlace164.com/'),
('titulo_14', 'cancion_9', '2:15', 'http://www.enlace165.com/'),
('titulo_14', 'cancion_10', '5:52', 'http://www.enlace166.com/'),
('titulo_14', 'cancion_11', '6:36', 'http://www.enlace167.com/'),
('titulo_14', 'cancion_12', '5:35', 'http://www.enlace168.com/'),
('titulo_15', 'cancion_1', '3:55', 'http://www.enlace169.com/'),
('titulo_15', 'cancion_2', '5:11', 'http://www.enlace170.com/'),
('titulo_15', 'cancion_3', '4:47', 'http://www.enlace171.com/'),
('titulo_15', 'cancion_4', '3:47', 'http://www.enlace172.com/'),
('titulo_15', 'cancion_5', '4:54', 'http://www.enlace173.com/'),
('titulo_15', 'cancion_6', '3:49', 'http://www.enlace174.com/'),
('titulo_15', 'cancion_7', '2:36', 'http://www.enlace175.com/'),
('titulo_15', 'cancion_8', '4:22', 'http://www.enlace176.com/'),
('titulo_15', 'cancion_9', '2:15', 'http://www.enlace177.com/'),
('titulo_15', 'cancion_10', '5:52', 'http://www.enlace178.com/'),
('titulo_15', 'cancion_11', '6:36', 'http://www.enlace179.com/'),
('titulo_15', 'cancion_12', '5:35', 'http://www.enlace180.com/'),
('titulo_16', 'cancion_1', '3:55', 'http://www.enlace181.com/'),
('titulo_16', 'cancion_2', '5:11', 'http://www.enlace182.com/'),
('titulo_16', 'cancion_3', '4:47', 'http://www.enlace183.com/'),
('titulo_16', 'cancion_4', '3:47', 'http://www.enlace184.com/'),
('titulo_16', 'cancion_5', '4:54', 'http://www.enlace185.com/'),
('titulo_16', 'cancion_6', '3:49', 'http://www.enlace186.com/'),
('titulo_16', 'cancion_7', '2:36', 'http://www.enlace187.com/'),
('titulo_16', 'cancion_8', '4:22', 'http://www.enlace188.com/'),
('titulo_16', 'cancion_9', '2:15', 'http://www.enlace189.com/'),
('titulo_16', 'cancion_10', '5:52', 'http://www.enlace190.com/'),
('titulo_16', 'cancion_11', '6:36', 'http://www.enlace191.com/'),
('titulo_16', 'cancion_12', '5:35', 'http://www.enlace192.com/'),
('titulo_17', 'cancion_1', '3:55', 'http://www.enlace193.com/'),
('titulo_17', 'cancion_2', '5:11', 'http://www.enlace194.com/'),
('titulo_17', 'cancion_3', '4:47', 'http://www.enlace195.com/'),
('titulo_17', 'cancion_4', '3:47', 'http://www.enlace196.com/'),
('titulo_17', 'cancion_5', '4:54', 'http://www.enlace197.com/'),
('titulo_17', 'cancion_6', '3:49', 'http://www.enlace198.com/'),
('titulo_17', 'cancion_7', '2:36', 'http://www.enlace199.com/'),
('titulo_17', 'cancion_8', '4:22', 'http://www.enlace200.com/'),
('titulo_17', 'cancion_9', '2:15', 'http://www.enlace201.com/'),
('titulo_17', 'cancion_10', '5:52', 'http://www.enlace202.com/'),
('titulo_17', 'cancion_11', '6:36', 'http://www.enlace203.com/'),
('titulo_17', 'cancion_12', '5:35', 'http://www.enlace204.com/'),
('titulo_18', 'cancion_1', '3:55', 'http://www.enlace205.com/'),
('titulo_18', 'cancion_2', '5:11', 'http://www.enlace206.com/'),
('titulo_18', 'cancion_3', '4:47', 'http://www.enlace207.com/'),
('titulo_18', 'cancion_4', '3:47', 'http://www.enlace208.com/'),
('titulo_18', 'cancion_5', '4:54', 'http://www.enlace209.com/'),
('titulo_18', 'cancion_6', '3:49', 'http://www.enlace210.com/'),
('titulo_18', 'cancion_7', '2:36', 'http://www.enlace211.com/'),
('titulo_18', 'cancion_8', '4:22', 'http://www.enlace212.com/'),
('titulo_18', 'cancion_9', '2:15', 'http://www.enlace213.com/'),
('titulo_18', 'cancion_10', '5:52', 'http://www.enlace214.com/'),
('titulo_18', 'cancion_11', '6:36', 'http://www.enlace215.com/'),
('titulo_18', 'cancion_12', '5:35', 'http://www.enlace216.com/'),
('titulo_19', 'cancion_1', '3:55', 'http://www.enlace217.com/'),
('titulo_19', 'cancion_2', '5:11', 'http://www.enlace218.com/'),
('titulo_19', 'cancion_3', '4:47', 'http://www.enlace219.com/'),
('titulo_19', 'cancion_4', '3:47', 'http://www.enlace220.com/'),
('titulo_19', 'cancion_5', '4:54', 'http://www.enlace221.com/'),
('titulo_19', 'cancion_6', '3:49', 'http://www.enlace222.com/'),
('titulo_19', 'cancion_7', '2:36', 'http://www.enlace223.com/'),
('titulo_19', 'cancion_8', '4:22', 'http://www.enlace224.com/'),
('titulo_19', 'cancion_9', '2:15', 'http://www.enlace225.com/'),
('titulo_19', 'cancion_10', '5:52', 'http://www.enlace226.com/'),
('titulo_19', 'cancion_11', '6:36', 'http://www.enlace227.com/'),
('titulo_19', 'cancion_12', '5:35', 'http://www.enlace228.com/'),
('titulo_20', 'cancion_1', '3:55', 'http://www.enlace229.com/'),
('titulo_20', 'cancion_2', '5:11', 'http://www.enlace230.com/'),
('titulo_20', 'cancion_3', '4:47', 'http://www.enlace231.com/'),
('titulo_20', 'cancion_4', '3:47', 'http://www.enlace232.com/'),
('titulo_20', 'cancion_5', '4:54', 'http://www.enlace233.com/'),
('titulo_20', 'cancion_6', '3:49', 'http://www.enlace234.com/'),
('titulo_20', 'cancion_7', '2:36', 'http://www.enlace235.com/'),
('titulo_20', 'cancion_8', '4:22', 'http://www.enlace236.com/'),
('titulo_20', 'cancion_9', '2:15', 'http://www.enlace237.com/'),
('titulo_20', 'cancion_10', '5:52', 'http://www.enlace238.com/'),
('titulo_20', 'cancion_11', '6:36', 'http://www.enlace239.com/'),
('titulo_20', 'cancion_12', '5:35', 'http://www.enlace240.com/'),
('titulo_21', 'cancion_1', '3:55', 'http://www.enlace241.com/'),
('titulo_21', 'cancion_2', '5:11', 'http://www.enlace242.com/'),
('titulo_21', 'cancion_3', '4:47', 'http://www.enlace243.com/'),
('titulo_21', 'cancion_4', '3:47', 'http://www.enlace244.com/'),
('titulo_21', 'cancion_5', '4:54', 'http://www.enlace245.com/'),
('titulo_21', 'cancion_6', '3:49', 'http://www.enlace246.com/'),
('titulo_21', 'cancion_7', '2:36', 'http://www.enlace247.com/'),
('titulo_21', 'cancion_8', '4:22', 'http://www.enlace248.com/'),
('titulo_21', 'cancion_9', '2:15', 'http://www.enlace249.com/'),
('titulo_21', 'cancion_10', '5:52', 'http://www.enlace250.com/'),
('titulo_21', 'cancion_11', '6:36', 'http://www.enlace251.com/'),
('titulo_21', 'cancion_12', '5:35', 'http://www.enlace252.com/'),
('titulo_22', 'cancion_1', '3:55', 'http://www.enlace253.com/'),
('titulo_22', 'cancion_2', '5:11', 'http://www.enlace254.com/'),
('titulo_22', 'cancion_3', '4:47', 'http://www.enlace255.com/'),
('titulo_22', 'cancion_4', '3:47', 'http://www.enlace256.com/'),
('titulo_22', 'cancion_5', '4:54', 'http://www.enlace257.com/'),
('titulo_22', 'cancion_6', '3:49', 'http://www.enlace258.com/'),
('titulo_22', 'cancion_7', '2:36', 'http://www.enlace259.com/'),
('titulo_22', 'cancion_8', '4:22', 'http://www.enlace260.com/'),
('titulo_22', 'cancion_9', '2:15', 'http://www.enlace261.com/'),
('titulo_22', 'cancion_10', '5:52', 'http://www.enlace262.com/'),
('titulo_22', 'cancion_11', '6:36', 'http://www.enlace263.com/'),
('titulo_22', 'cancion_12', '5:35', 'http://www.enlace264.com/'),
('titulo_23', 'cancion_1', '3:55', 'http://www.enlace265.com/'),
('titulo_23', 'cancion_2', '5:11', 'http://www.enlace266.com/'),
('titulo_23', 'cancion_3', '4:47', 'http://www.enlace267.com/'),
('titulo_23', 'cancion_4', '3:47', 'http://www.enlace268.com/'),
('titulo_23', 'cancion_5', '4:54', 'http://www.enlace269.com/'),
('titulo_23', 'cancion_6', '3:49', 'http://www.enlace270.com/'),
('titulo_23', 'cancion_7', '2:36', 'http://www.enlace271.com/'),
('titulo_23', 'cancion_8', '4:22', 'http://www.enlace272.com/'),
('titulo_23', 'cancion_9', '2:15', 'http://www.enlace273.com/'),
('titulo_23', 'cancion_10', '5:52', 'http://www.enlace274.com/'),
('titulo_23', 'cancion_11', '6:36', 'http://www.enlace275.com/'),
('titulo_23', 'cancion_12', '5:35', 'http://www.enlace276.com/'),
('titulo_24', 'cancion_1', '3:55', 'http://www.enlace277.com/'),
('titulo_24', 'cancion_2', '5:11', 'http://www.enlace278.com/'),
('titulo_24', 'cancion_3', '4:47', 'http://www.enlace279.com/'),
('titulo_24', 'cancion_4', '3:47', 'http://www.enlace280.com/'),
('titulo_24', 'cancion_5', '4:54', 'http://www.enlace281.com/'),
('titulo_24', 'cancion_6', '3:49', 'http://www.enlace282.com/'),
('titulo_24', 'cancion_7', '2:36', 'http://www.enlace283.com/'),
('titulo_24', 'cancion_8', '4:22', 'http://www.enlace284.com/'),
('titulo_24', 'cancion_9', '2:15', 'http://www.enlace285.com/'),
('titulo_24', 'cancion_10', '5:52', 'http://www.enlace286.com/'),
('titulo_24', 'cancion_11', '6:36', 'http://www.enlace287.com/'),
('titulo_24', 'cancion_12', '5:35', 'http://www.enlace288.com/'),
('titulo_25', 'cancion_1', '3:55', 'http://www.enlace289.com/'),
('titulo_25', 'cancion_2', '5:11', 'http://www.enlace290.com/'),
('titulo_25', 'cancion_3', '4:47', 'http://www.enlace291.com/'),
('titulo_25', 'cancion_4', '3:47', 'http://www.enlace292.com/'),
('titulo_25', 'cancion_5', '4:54', 'http://www.enlace293.com/'),
('titulo_25', 'cancion_6', '3:49', 'http://www.enlace294.com/'),
('titulo_25', 'cancion_7', '2:36', 'http://www.enlace295.com/'),
('titulo_25', 'cancion_8', '4:22', 'http://www.enlace296.com/'),
('titulo_25', 'cancion_9', '2:15', 'http://www.enlace297.com/'),
('titulo_25', 'cancion_10', '5:52', 'http://www.enlace298.com/'),
('titulo_25', 'cancion_11', '6:36', 'http://www.enlace299.com/'),
('titulo_25', 'cancion_12', '5:35', 'http://www.enlace300.com/'),
('titulo_26', 'cancion_1', '3:55', 'http://www.enlace301.com/'),
('titulo_26', 'cancion_2', '5:11', 'http://www.enlace302.com/'),
('titulo_26', 'cancion_3', '4:47', 'http://www.enlace303.com/'),
('titulo_26', 'cancion_4', '3:47', 'http://www.enlace304.com/'),
('titulo_26', 'cancion_5', '4:54', 'http://www.enlace305.com/'),
('titulo_26', 'cancion_6', '3:49', 'http://www.enlace306.com/'),
('titulo_26', 'cancion_7', '2:36', 'http://www.enlace307.com/'),
('titulo_26', 'cancion_8', '4:22', 'http://www.enlace308.com/'),
('titulo_26', 'cancion_9', '2:15', 'http://www.enlace309.com/'),
('titulo_26', 'cancion_10', '5:52', 'http://www.enlace310.com/'),
('titulo_26', 'cancion_11', '6:36', 'http://www.enlace311.com/'),
('titulo_26', 'cancion_12', '5:35', 'http://www.enlace312.com/'),
('titulo_27', 'cancion_1', '3:55', 'http://www.enlace313.com/'),
('titulo_27', 'cancion_2', '5:11', 'http://www.enlace314.com/'),
('titulo_27', 'cancion_3', '4:47', 'http://www.enlace315.com/'),
('titulo_27', 'cancion_4', '3:47', 'http://www.enlace316.com/'),
('titulo_27', 'cancion_5', '4:54', 'http://www.enlace317.com/'),
('titulo_27', 'cancion_6', '3:49', 'http://www.enlace318.com/'),
('titulo_27', 'cancion_7', '2:36', 'http://www.enlace319.com/'),
('titulo_27', 'cancion_8', '4:22', 'http://www.enlace320.com/'),
('titulo_27', 'cancion_9', '2:15', 'http://www.enlace321.com/'),
('titulo_27', 'cancion_10', '5:52', 'http://www.enlace322.com/'),
('titulo_27', 'cancion_11', '6:36', 'http://www.enlace323.com/'),
('titulo_27', 'cancion_12', '5:35', 'http://www.enlace324.com/'),
('titulo_28', 'cancion_1', '3:55', 'http://www.enlace325.com/'),
('titulo_28', 'cancion_2', '5:11', 'http://www.enlace326.com/'),
('titulo_28', 'cancion_3', '4:47', 'http://www.enlace327.com/'),
('titulo_28', 'cancion_4', '3:47', 'http://www.enlace328.com/'),
('titulo_28', 'cancion_5', '4:54', 'http://www.enlace329.com/'),
('titulo_28', 'cancion_6', '3:49', 'http://www.enlace330.com/'),
('titulo_28', 'cancion_7', '2:36', 'http://www.enlace331.com/'),
('titulo_28', 'cancion_8', '4:22', 'http://www.enlace332.com/'),
('titulo_28', 'cancion_9', '2:15', 'http://www.enlace333.com/'),
('titulo_28', 'cancion_10', '5:52', 'http://www.enlace334.com/'),
('titulo_28', 'cancion_11', '6:36', 'http://www.enlace335.com/'),
('titulo_28', 'cancion_12', '5:35', 'http://www.enlace336.com/'),
('titulo_29', 'cancion_1', '3:55', 'http://www.enlace337.com/'),
('titulo_29', 'cancion_2', '5:11', 'http://www.enlace338.com/'),
('titulo_29', 'cancion_3', '4:47', 'http://www.enlace339.com/'),
('titulo_29', 'cancion_4', '3:47', 'http://www.enlace340.com/'),
('titulo_29', 'cancion_5', '4:54', 'http://www.enlace341.com/'),
('titulo_29', 'cancion_6', '3:49', 'http://www.enlace342.com/'),
('titulo_29', 'cancion_7', '2:36', 'http://www.enlace343.com/'),
('titulo_29', 'cancion_8', '4:22', 'http://www.enlace344.com/'),
('titulo_29', 'cancion_9', '2:15', 'http://www.enlace345.com/'),
('titulo_29', 'cancion_10', '5:52', 'http://www.enlace346.com/'),
('titulo_29', 'cancion_11', '6:36', 'http://www.enlace347.com/'),
('titulo_29', 'cancion_12', '5:35', 'http://www.enlace348.com/'),
('titulo_30', 'cancion_1', '3:55', 'http://www.enlace349.com/'),
('titulo_30', 'cancion_2', '5:11', 'http://www.enlace350.com/'),
('titulo_30', 'cancion_3', '4:47', 'http://www.enlace351.com/'),
('titulo_30', 'cancion_4', '3:47', 'http://www.enlace352.com/'),
('titulo_30', 'cancion_5', '4:54', 'http://www.enlace353.com/'),
('titulo_30', 'cancion_6', '3:49', 'http://www.enlace354.com/'),
('titulo_30', 'cancion_7', '2:36', 'http://www.enlace355.com/'),
('titulo_30', 'cancion_8', '4:22', 'http://www.enlace356.com/'),
('titulo_30', 'cancion_9', '2:15', 'http://www.enlace357.com/'),
('titulo_30', 'cancion_10', '5:52', 'http://www.enlace358.com/'),
('titulo_30', 'cancion_11', '6:36', 'http://www.enlace359.com/'),
('titulo_30', 'cancion_12', '5:35', 'http://www.enlace360.com/'),
('titulo_31', 'cancion_1', '3:55', 'http://www.enlace361.com/'),
('titulo_31', 'cancion_2', '5:11', 'http://www.enlace362.com/'),
('titulo_31', 'cancion_3', '4:47', 'http://www.enlace363.com/'),
('titulo_31', 'cancion_4', '3:47', 'http://www.enlace364.com/'),
('titulo_31', 'cancion_5', '4:54', 'http://www.enlace365.com/'),
('titulo_31', 'cancion_6', '3:49', 'http://www.enlace366.com/'),
('titulo_31', 'cancion_7', '2:36', 'http://www.enlace367.com/'),
('titulo_31', 'cancion_8', '4:22', 'http://www.enlace368.com/'),
('titulo_31', 'cancion_9', '2:15', 'http://www.enlace369.com/'),
('titulo_31', 'cancion_10', '5:52', 'http://www.enlace370.com/'),
('titulo_31', 'cancion_11', '6:36', 'http://www.enlace371.com/'),
('titulo_31', 'cancion_12', '5:35', 'http://www.enlace372.com/'),
('titulo_32', 'cancion_1', '3:55', 'http://www.enlace373.com/'),
('titulo_32', 'cancion_2', '5:11', 'http://www.enlace374.com/'),
('titulo_32', 'cancion_3', '4:47', 'http://www.enlace375.com/'),
('titulo_32', 'cancion_4', '3:47', 'http://www.enlace376.com/'),
('titulo_32', 'cancion_5', '4:54', 'http://www.enlace377.com/'),
('titulo_32', 'cancion_6', '3:49', 'http://www.enlace378.com/'),
('titulo_32', 'cancion_7', '2:36', 'http://www.enlace379.com/'),
('titulo_32', 'cancion_8', '4:22', 'http://www.enlace380.com/'),
('titulo_32', 'cancion_9', '2:15', 'http://www.enlace381.com/'),
('titulo_32', 'cancion_10', '5:52', 'http://www.enlace382.com/'),
('titulo_32', 'cancion_11', '6:36', 'http://www.enlace383.com/'),
('titulo_32', 'cancion_12', '5:35', 'http://www.enlace384.com/'),
('titulo_33', 'cancion_1', '3:55', 'http://www.enlace385.com/'),
('titulo_33', 'cancion_2', '5:11', 'http://www.enlace386.com/'),
('titulo_33', 'cancion_3', '4:47', 'http://www.enlace387.com/'),
('titulo_33', 'cancion_4', '3:47', 'http://www.enlace388.com/'),
('titulo_33', 'cancion_5', '4:54', 'http://www.enlace389.com/'),
('titulo_33', 'cancion_6', '3:49', 'http://www.enlace390.com/'),
('titulo_33', 'cancion_7', '2:36', 'http://www.enlace391.com/'),
('titulo_33', 'cancion_8', '4:22', 'http://www.enlace392.com/'),
('titulo_33', 'cancion_9', '2:15', 'http://www.enlace393.com/'),
('titulo_33', 'cancion_10', '5:52', 'http://www.enlace394.com/'),
('titulo_33', 'cancion_11', '6:36', 'http://www.enlace395.com/'),
('titulo_33', 'cancion_12', '5:35', 'http://www.enlace396.com/'),
('titulo_34', 'cancion_1', '3:55', 'http://www.enlace397.com/'),
('titulo_34', 'cancion_2', '5:11', 'http://www.enlace398.com/'),
('titulo_34', 'cancion_3', '4:47', 'http://www.enlace399.com/'),
('titulo_34', 'cancion_4', '3:47', 'http://www.enlace400.com/'),
('titulo_34', 'cancion_5', '4:54', 'http://www.enlace401.com/'),
('titulo_34', 'cancion_6', '3:49', 'http://www.enlace402.com/'),
('titulo_34', 'cancion_7', '2:36', 'http://www.enlace403.com/'),
('titulo_34', 'cancion_8', '4:22', 'http://www.enlace404.com/'),
('titulo_34', 'cancion_9', '2:15', 'http://www.enlace405.com/'),
('titulo_34', 'cancion_10', '5:52', 'http://www.enlace406.com/'),
('titulo_34', 'cancion_11', '6:36', 'http://www.enlace407.com/'),
('titulo_34', 'cancion_12', '5:35', 'http://www.enlace408.com/'),
('titulo_35', 'cancion_1', '3:55', 'http://www.enlace409.com/'),
('titulo_35', 'cancion_2', '5:11', 'http://www.enlace410.com/'),
('titulo_35', 'cancion_3', '4:47', 'http://www.enlace411.com/'),
('titulo_35', 'cancion_4', '3:47', 'http://www.enlace412.com/'),
('titulo_35', 'cancion_5', '4:54', 'http://www.enlace413.com/'),
('titulo_35', 'cancion_6', '3:49', 'http://www.enlace414.com/'),
('titulo_35', 'cancion_7', '2:36', 'http://www.enlace415.com/'),
('titulo_35', 'cancion_8', '4:22', 'http://www.enlace416.com/'),
('titulo_35', 'cancion_9', '2:15', 'http://www.enlace417.com/'),
('titulo_35', 'cancion_10', '5:52', 'http://www.enlace418.com/'),
('titulo_35', 'cancion_11', '6:36', 'http://www.enlace419.com/'),
('titulo_35', 'cancion_12', '5:35', 'http://www.enlace420.com/'),
('titulo_36', 'cancion_1', '3:55', 'http://www.enlace421.com/'),
('titulo_36', 'cancion_2', '5:11', 'http://www.enlace422.com/'),
('titulo_36', 'cancion_3', '4:47', 'http://www.enlace423.com/'),
('titulo_36', 'cancion_4', '3:47', 'http://www.enlace424.com/'),
('titulo_36', 'cancion_5', '4:54', 'http://www.enlace425.com/'),
('titulo_36', 'cancion_6', '3:49', 'http://www.enlace426.com/'),
('titulo_36', 'cancion_7', '2:36', 'http://www.enlace427.com/'),
('titulo_36', 'cancion_8', '4:22', 'http://www.enlace428.com/'),
('titulo_36', 'cancion_9', '2:15', 'http://www.enlace429.com/'),
('titulo_36', 'cancion_10', '5:52', 'http://www.enlace430.com/'),
('titulo_36', 'cancion_11', '6:36', 'http://www.enlace431.com/'),
('titulo_36', 'cancion_12', '5:35', 'http://www.enlace432.com/'),
('titulo_37', 'cancion_1', '3:55', 'http://www.enlace433.com/'),
('titulo_37', 'cancion_2', '5:11', 'http://www.enlace434.com/'),
('titulo_37', 'cancion_3', '4:47', 'http://www.enlace435.com/'),
('titulo_37', 'cancion_4', '3:47', 'http://www.enlace436.com/'),
('titulo_37', 'cancion_5', '4:54', 'http://www.enlace437.com/'),
('titulo_37', 'cancion_6', '3:49', 'http://www.enlace438.com/'),
('titulo_37', 'cancion_7', '2:36', 'http://www.enlace439.com/'),
('titulo_37', 'cancion_8', '4:22', 'http://www.enlace440.com/'),
('titulo_37', 'cancion_9', '2:15', 'http://www.enlace441.com/'),
('titulo_37', 'cancion_10', '5:52', 'http://www.enlace442.com/'),
('titulo_37', 'cancion_11', '6:36', 'http://www.enlace443.com/'),
('titulo_37', 'cancion_12', '5:35', 'http://www.enlace444.com/'),
('titulo_38', 'cancion_1', '3:55', 'http://www.enlace445.com/'),
('titulo_38', 'cancion_2', '5:11', 'http://www.enlace446.com/'),
('titulo_38', 'cancion_3', '4:47', 'http://www.enlace447.com/'),
('titulo_38', 'cancion_4', '3:47', 'http://www.enlace448.com/'),
('titulo_38', 'cancion_5', '4:54', 'http://www.enlace449.com/'),
('titulo_38', 'cancion_6', '3:49', 'http://www.enlace450.com/'),
('titulo_38', 'cancion_7', '2:36', 'http://www.enlace451.com/'),
('titulo_38', 'cancion_8', '4:22', 'http://www.enlace452.com/'),
('titulo_38', 'cancion_9', '2:15', 'http://www.enlace453.com/'),
('titulo_38', 'cancion_10', '5:52', 'http://www.enlace454.com/'),
('titulo_38', 'cancion_11', '6:36', 'http://www.enlace455.com/'),
('titulo_38', 'cancion_12', '5:35', 'http://www.enlace456.com/'),
('titulo_39', 'cancion_1', '3:55', 'http://www.enlace457.com/'),
('titulo_39', 'cancion_2', '5:11', 'http://www.enlace458.com/'),
('titulo_39', 'cancion_3', '4:47', 'http://www.enlace459.com/'),
('titulo_39', 'cancion_4', '3:47', 'http://www.enlace460.com/'),
('titulo_39', 'cancion_5', '4:54', 'http://www.enlace461.com/'),
('titulo_39', 'cancion_6', '3:49', 'http://www.enlace462.com/'),
('titulo_39', 'cancion_7', '2:36', 'http://www.enlace463.com/'),
('titulo_39', 'cancion_8', '4:22', 'http://www.enlace464.com/'),
('titulo_39', 'cancion_9', '2:15', 'http://www.enlace465.com/'),
('titulo_39', 'cancion_10', '5:52', 'http://www.enlace466.com/'),
('titulo_39', 'cancion_11', '6:36', 'http://www.enlace467.com/'),
('titulo_39', 'cancion_12', '5:35', 'http://www.enlace468.com/'),
('titulo_40', 'cancion_1', '3:55', 'http://www.enlace469.com/'),
('titulo_40', 'cancion_2', '5:11', 'http://www.enlace470.com/'),
('titulo_40', 'cancion_3', '4:47', 'http://www.enlace471.com/'),
('titulo_40', 'cancion_4', '3:47', 'http://www.enlace472.com/'),
('titulo_40', 'cancion_5', '4:54', 'http://www.enlace473.com/'),
('titulo_40', 'cancion_6', '3:49', 'http://www.enlace474.com/'),
('titulo_40', 'cancion_7', '2:36', 'http://www.enlace475.com/'),
('titulo_40', 'cancion_8', '4:22', 'http://www.enlace476.com/'),
('titulo_40', 'cancion_9', '2:15', 'http://www.enlace477.com/'),
('titulo_40', 'cancion_10', '5:52', 'http://www.enlace478.com/'),
('titulo_40', 'cancion_11', '6:36', 'http://www.enlace479.com/'),
('titulo_40', 'cancion_12', '5:35', 'http://www.enlace480.com/'),
('titulo_41', 'cancion_1', '3:55', 'http://www.enlace481.com/'),
('titulo_41', 'cancion_2', '5:11', 'http://www.enlace482.com/'),
('titulo_41', 'cancion_3', '4:47', 'http://www.enlace483.com/'),
('titulo_41', 'cancion_4', '3:47', 'http://www.enlace484.com/'),
('titulo_41', 'cancion_5', '4:54', 'http://www.enlace485.com/'),
('titulo_41', 'cancion_6', '3:49', 'http://www.enlace486.com/'),
('titulo_41', 'cancion_7', '2:36', 'http://www.enlace487.com/'),
('titulo_41', 'cancion_8', '4:22', 'http://www.enlace488.com/'),
('titulo_41', 'cancion_9', '2:15', 'http://www.enlace489.com/'),
('titulo_41', 'cancion_10', '5:52', 'http://www.enlace490.com/'),
('titulo_41', 'cancion_11', '6:36', 'http://www.enlace491.com/'),
('titulo_41', 'cancion_12', '5:35', 'http://www.enlace492.com/'),
('titulo_42', 'cancion_1', '3:55', 'http://www.enlace493.com/'),
('titulo_42', 'cancion_2', '5:11', 'http://www.enlace494.com/'),
('titulo_42', 'cancion_3', '4:47', 'http://www.enlace495.com/'),
('titulo_42', 'cancion_4', '3:47', 'http://www.enlace496.com/'),
('titulo_42', 'cancion_5', '4:54', 'http://www.enlace497.com/'),
('titulo_42', 'cancion_6', '3:49', 'http://www.enlace498.com/'),
('titulo_42', 'cancion_7', '2:36', 'http://www.enlace499.com/'),
('titulo_42', 'cancion_8', '4:22', 'http://www.enlace500.com/'),
('titulo_42', 'cancion_9', '2:15', 'http://www.enlace501.com/'),
('titulo_42', 'cancion_10', '5:52', 'http://www.enlace502.com/'),
('titulo_42', 'cancion_11', '6:36', 'http://www.enlace503.com/'),
('titulo_42', 'cancion_12', '5:35', 'http://www.enlace504.com/'),
('titulo_43', 'cancion_1', '3:55', 'http://www.enlace505.com/'),
('titulo_43', 'cancion_2', '5:11', 'http://www.enlace506.com/'),
('titulo_43', 'cancion_3', '4:47', 'http://www.enlace507.com/'),
('titulo_43', 'cancion_4', '3:47', 'http://www.enlace508.com/'),
('titulo_43', 'cancion_5', '4:54', 'http://www.enlace509.com/'),
('titulo_43', 'cancion_6', '3:49', 'http://www.enlace510.com/'),
('titulo_43', 'cancion_7', '2:36', 'http://www.enlace511.com/'),
('titulo_43', 'cancion_8', '4:22', 'http://www.enlace512.com/'),
('titulo_43', 'cancion_9', '2:15', 'http://www.enlace513.com/'),
('titulo_43', 'cancion_10', '5:52', 'http://www.enlace514.com/'),
('titulo_43', 'cancion_11', '6:36', 'http://www.enlace515.com/'),
('titulo_43', 'cancion_12', '5:35', 'http://www.enlace516.com/'),
('titulo_44', 'cancion_1', '3:55', 'http://www.enlace517.com/'),
('titulo_44', 'cancion_2', '5:11', 'http://www.enlace518.com/'),
('titulo_44', 'cancion_3', '4:47', 'http://www.enlace519.com/'),
('titulo_44', 'cancion_4', '3:47', 'http://www.enlace520.com/'),
('titulo_44', 'cancion_5', '4:54', 'http://www.enlace521.com/'),
('titulo_44', 'cancion_6', '3:49', 'http://www.enlace522.com/'),
('titulo_44', 'cancion_7', '2:36', 'http://www.enlace523.com/'),
('titulo_44', 'cancion_8', '4:22', 'http://www.enlace524.com/'),
('titulo_44', 'cancion_9', '2:15', 'http://www.enlace525.com/'),
('titulo_44', 'cancion_10', '5:52', 'http://www.enlace526.com/'),
('titulo_44', 'cancion_11', '6:36', 'http://www.enlace527.com/'),
('titulo_44', 'cancion_12', '5:35', 'http://www.enlace528.com/'),
('titulo_45', 'cancion_1', '3:55', 'http://www.enlace529.com/'),
('titulo_45', 'cancion_2', '5:11', 'http://www.enlace530.com/'),
('titulo_45', 'cancion_3', '4:47', 'http://www.enlace531.com/'),
('titulo_45', 'cancion_4', '3:47', 'http://www.enlace532.com/'),
('titulo_45', 'cancion_5', '4:54', 'http://www.enlace533.com/'),
('titulo_45', 'cancion_6', '3:49', 'http://www.enlace534.com/'),
('titulo_45', 'cancion_7', '2:36', 'http://www.enlace535.com/'),
('titulo_45', 'cancion_8', '4:22', 'http://www.enlace536.com/'),
('titulo_45', 'cancion_9', '2:15', 'http://www.enlace537.com/'),
('titulo_45', 'cancion_10', '5:52', 'http://www.enlace538.com/'),
('titulo_45', 'cancion_11', '6:36', 'http://www.enlace539.com/'),
('titulo_45', 'cancion_12', '5:35', 'http://www.enlace540.com/'),
('titulo_46', 'cancion_1', '3:55', 'http://www.enlace541.com/'),
('titulo_46', 'cancion_2', '5:11', 'http://www.enlace542.com/'),
('titulo_46', 'cancion_3', '4:47', 'http://www.enlace543.com/'),
('titulo_46', 'cancion_4', '3:47', 'http://www.enlace544.com/'),
('titulo_46', 'cancion_5', '4:54', 'http://www.enlace545.com/'),
('titulo_46', 'cancion_6', '3:49', 'http://www.enlace546.com/'),
('titulo_46', 'cancion_7', '2:36', 'http://www.enlace547.com/'),
('titulo_46', 'cancion_8', '4:22', 'http://www.enlace548.com/'),
('titulo_46', 'cancion_9', '2:15', 'http://www.enlace549.com/'),
('titulo_46', 'cancion_10', '5:52', 'http://www.enlace550.com/'),
('titulo_46', 'cancion_11', '6:36', 'http://www.enlace551.com/'),
('titulo_46', 'cancion_12', '5:35', 'http://www.enlace552.com/'),
('titulo_47', 'cancion_1', '3:58', 'http://www.enlace553.com/'),
('titulo_47', 'cancion_2', '6:26', 'http://www.enlace554.com/'),
('titulo_47', 'cancion_3', '5:12', 'http://www.enlace555.com/'),
('titulo_47', 'cancion_4', '6:59', 'http://www.enlace556.com/'),
('titulo_47', 'cancion_5', '6:47', 'http://www.enlace557.com/'),
('titulo_47', 'cancion_6', '2:51', 'http://www.enlace558.com/'),
('titulo_47', 'cancion_7', '3:57', 'http://www.enlace559.com/'),
('titulo_47', 'cancion_8', '3:46', 'http://www.enlace560.com/'),
('titulo_47', 'cancion_9', '2:15', 'http://www.enlace561.com/'),
('titulo_47', 'cancion_10', '6:33', 'http://www.enlace562.com/'),
('titulo_47', 'cancion_11', '4:52', 'http://www.enlace563.com/'),
('titulo_47', 'cancion_12', '2:32', 'http://www.enlace564.com/'),
('titulo_48', 'cancion_1', '3:58', 'http://www.enlace565.com/'),
('titulo_48', 'cancion_2', '6:26', 'http://www.enlace566.com/'),
('titulo_48', 'cancion_3', '5:12', 'http://www.enlace567.com/'),
('titulo_48', 'cancion_4', '6:59', 'http://www.enlace568.com/'),
('titulo_48', 'cancion_5', '6:47', 'http://www.enlace569.com/'),
('titulo_48', 'cancion_6', '2:51', 'http://www.enlace570.com/'),
('titulo_48', 'cancion_7', '3:57', 'http://www.enlace571.com/'),
('titulo_48', 'cancion_8', '3:46', 'http://www.enlace572.com/'),
('titulo_48', 'cancion_9', '2:15', 'http://www.enlace573.com/'),
('titulo_48', 'cancion_10', '6:33', 'http://www.enlace574.com/'),
('titulo_48', 'cancion_11', '4:52', 'http://www.enlace575.com/'),
('titulo_48', 'cancion_12', '2:32', 'http://www.enlace576.com/'),
('titulo_49', 'cancion_1', '3:58', 'http://www.enlace577.com/'),
('titulo_49', 'cancion_2', '6:26', 'http://www.enlace578.com/'),
('titulo_49', 'cancion_3', '5:12', 'http://www.enlace579.com/'),
('titulo_49', 'cancion_4', '6:59', 'http://www.enlace580.com/'),
('titulo_49', 'cancion_5', '6:47', 'http://www.enlace581.com/'),
('titulo_49', 'cancion_6', '2:51', 'http://www.enlace582.com/'),
('titulo_49', 'cancion_7', '3:57', 'http://www.enlace583.com/'),
('titulo_49', 'cancion_8', '3:46', 'http://www.enlace584.com/'),
('titulo_49', 'cancion_9', '2:15', 'http://www.enlace585.com/'),
('titulo_49', 'cancion_10', '6:33', 'http://www.enlace586.com/'),
('titulo_49', 'cancion_11', '4:52', 'http://www.enlace587.com/'),
('titulo_49', 'cancion_12', '2:32', 'http://www.enlace588.com/'),
('titulo_50', 'cancion_1', '3:58', 'http://www.enlace589.com/'),
('titulo_50', 'cancion_2', '6:26', 'http://www.enlace590.com/'),
('titulo_50', 'cancion_3', '5:12', 'http://www.enlace591.com/'),
('titulo_50', 'cancion_4', '6:59', 'http://www.enlace592.com/'),
('titulo_50', 'cancion_5', '6:47', 'http://www.enlace593.com/'),
('titulo_50', 'cancion_6', '2:51', 'http://www.enlace594.com/'),
('titulo_50', 'cancion_7', '3:57', 'http://www.enlace595.com/'),
('titulo_50', 'cancion_8', '3:46', 'http://www.enlace596.com/'),
('titulo_50', 'cancion_9', '2:15', 'http://www.enlace597.com/'),
('titulo_50', 'cancion_10', '6:33', 'http://www.enlace598.com/'),
('titulo_50', 'cancion_11', '4:52', 'http://www.enlace599.com/'),
('titulo_50', 'cancion_12', '2:32', 'http://www.enlace600.com/');

INSERT INTO listas (nickname, nombreLista, tipo) VALUES
('usuario_1', 'lista_1', 'ARTISTAS'),
('usuario_1', 'lista_2', 'GENEROS'),
('usuario_1', 'lista_3', 'CANCIONES'),
('usuario_1', 'lista_4', 'DISCOS'),
('usuario_1', 'lista_5', 'ARTISTAS'),
('usuario_1', 'lista_6', 'GENEROS'),
('usuario_1', 'lista_7', 'CANCIONES'),
('usuario_2', 'lista_1', 'GENEROS'),
('usuario_2', 'lista_2', 'CANCIONES'),
('usuario_2', 'lista_3', 'DISCOS'),
('usuario_2', 'lista_4', 'ARTISTAS'),
('usuario_2', 'lista_5', 'GENEROS'),
('usuario_2', 'lista_6', 'CANCIONES'),
('usuario_2', 'lista_7', 'DISCOS'),
('usuario_3', 'lista_1', 'CANCIONES'),
('usuario_3', 'lista_2', 'DISCOS'),
('usuario_3', 'lista_3', 'ARTISTAS'),
('usuario_3', 'lista_4', 'GENEROS'),
('usuario_3', 'lista_5', 'CANCIONES'),
('usuario_3', 'lista_6', 'DISCOS'),
('usuario_3', 'lista_7', 'ARTISTAS'),
('usuario_4', 'lista_1', 'DISCOS'),
('usuario_4', 'lista_2', 'ARTISTAS'),
('usuario_4', 'lista_3', 'GENEROS'),
('usuario_4', 'lista_4', 'CANCIONES'),
('usuario_4', 'lista_5', 'DISCOS'),
('usuario_4', 'lista_6', 'ARTISTAS'),
('usuario_4', 'lista_7', 'GENEROS'),
('usuario_5', 'lista_1', 'ARTISTAS'),
('usuario_5', 'lista_2', 'GENEROS'),
('usuario_5', 'lista_3', 'CANCIONES'),
('usuario_5', 'lista_4', 'DISCOS'),
('usuario_5', 'lista_5', 'ARTISTAS'),
('usuario_5', 'lista_6', 'GENEROS'),
('usuario_5', 'lista_7', 'CANCIONES'),
('usuario_6', 'lista_1', 'GENEROS'),
('usuario_6', 'lista_2', 'CANCIONES'),
('usuario_6', 'lista_3', 'DISCOS'),
('usuario_6', 'lista_4', 'ARTISTAS'),
('usuario_6', 'lista_5', 'GENEROS'),
('usuario_6', 'lista_6', 'CANCIONES'),
('usuario_6', 'lista_7', 'DISCOS'),
('usuario_7', 'lista_1', 'CANCIONES'),
('usuario_7', 'lista_2', 'DISCOS'),
('usuario_7', 'lista_3', 'ARTISTAS'),
('usuario_7', 'lista_4', 'GENEROS'),
('usuario_7', 'lista_5', 'CANCIONES'),
('usuario_7', 'lista_6', 'DISCOS'),
('usuario_7', 'lista_7', 'ARTISTAS'),
('usuario_8', 'lista_1', 'DISCOS'),
('usuario_8', 'lista_2', 'ARTISTAS'),
('usuario_8', 'lista_3', 'GENEROS'),
('usuario_8', 'lista_4', 'CANCIONES'),
('usuario_8', 'lista_5', 'DISCOS'),
('usuario_8', 'lista_6', 'ARTISTAS'),
('usuario_8', 'lista_7', 'GENEROS'),
('usuario_9', 'lista_1', 'ARTISTAS'),
('usuario_9', 'lista_2', 'GENEROS'),
('usuario_9', 'lista_3', 'CANCIONES'),
('usuario_9', 'lista_4', 'DISCOS'),
('usuario_9', 'lista_5', 'ARTISTAS'),
('usuario_9', 'lista_6', 'GENEROS'),
('usuario_9', 'lista_7', 'CANCIONES');

INSERT INTO listasDeCanciones (nickName, nombreLista, tituloDisco, nombreCancion)
(
	SELECT l.nickName, l.nombreLista, c.tituloDisco, c.nombre 
	FROM listas l, canciones c
	WHERE L.tipo = 'CANCIONES'
	AND c.duracion LIKE '4%2'
);


INSERT INTO listasDeGeneros (nickName, nombreLista, nombreGenero)
(
	SELECT l.nickName, l.nombreLista, g.nombre 
	FROM listas l, generos g
	WHERE L.tipo = 'GENEROS'
	limit 50
);


INSERT INTO listasDeDiscos (nickName, nombreLista, tituloDisco)
(
	SELECT l.nickName, l.nombreLista, d.titulo 
	FROM discos d, listas l
	WHERE L.tipo = 'DISCOS'
	limit 50
);


INSERT INTO listasDeArtistas (nickName, nombreLista, nombreArtista)
(
	SELECT l.nickName, l.nombreLista, a.nombre
	FROM artistas a, listas l
	WHERE L.tipo = 'ARTISTAS'
	limit 30
);






